v,h,name,id,age,consent
7,0,Georges Carre,vmyr2vx9w4,36,1
7,0,Nira Kumar,ehh8snecjq,35,1
7,0,Bimala Kumar,pdtvpfgfxv,16,1
7,0,Hamid Carre,defaxafa8m,14,1
7,0,Clotilde Carre,nxm8keuqf7,12,1
7,0,Urja Kumar,v6whrl4zmb,11,1
7,1,Juzo Inafune,a5xz6c7ldr,70,1
7,2,Patrick Moore,z9atf4j44a,19,1
7,3,Kimiko Takagi,ml2ez3597v,50,1
7,3,Fabian Sasaki,xzl83r3ybv,49,1
7,3,Atsuo Takagi,zpkr3tqy3m,18,1
7,4,Ella Suzuki,y44cb9puym,106,0
7,5,Felix Watanabe,53l69z7uy5,30,0
7,5,Delaney Connolly,rbp53kek4f,29,1
7,5,Siobhan Connolly,tmxspnjvnj,11,1
7,5,Jade Watanabe,3jh46lexsc,9,1
7,5,Daniel Connolly,ku3utfbwf7,8,0
7,5,Kate Connolly,aenx49uupp,7,0
7,5,Gabrielle Watanabe,6kzg8nrtax,5,1
7,5,Sean Connolly,y3hm9m57ch,4,0
7,6,Aidan Morris,tpw5l645bq,43,0
7,7,Desmond Edwards,atgjkvru5e,53,1
7,7,Gen Sato,zmlwlu7rd7,46,0
7,8,Azusa Kawano,fldzzrm3le,33,1
7,8,Gerik Olsen,984k8b6ruq,31,1
7,8,Yukako Kawano,sntr5mtys8,12,1
7,8,Valdemar Olsen,r8rtbsglv5,11,1
7,9,Mana Tiwari,8g25sxjz3d,64,0
7,10,Ross Morris,ccvlvgjvuu,57,1
7,11,Nathan Regan,btgtmzk628,42,0
7,11,Ayana Okamoto,4cmbrh2xvp,40,0
7,11,Yuka Regan,r2bcmknvzs,19,1
7,11,Chiyako Okamoto,39tahep573,18,1
7,11,Conor Regan,yge6ksh7j9,15,1
7,11,Komako Okamoto,z4eu4wmykk,11,1
7,12,Ursula Eklund,3uzvqdd82v,75,1
7,13,Melodie Simon,x8f54hqjzs,30,0
7,13,Julian Sorensen,mdu6ssxyy4,29,1
7,13,Nathan Simon,hz34nbs7gj,11,0
7,13,Raphael Sorensen,rjwgkkhazt,9,0
7,13,Raine Simon,vc6wectyxl,6,1
7,13,Seymour Simon,ffml8d6fg6,5,0
7,13,Valdemar Sorensen,9mhgu9fwzz,5,0
7,14,Gyan Bose,u8nh7bbtl3,67,0
7,14,Vahini Bose,z2smke2c38,66,0
7,15,Lynnea Solberg,wtlgw57xq8,87,1
7,16,Hanna Erickson,6g9322svf9,26,1
7,16,Ross Quinn,8jx5p4kpqd,23,1
7,16,Viggo Erickson,jmbpspj95b,7,1
7,16,Pierrick Erickson,lz3qcd3fxh,2,1
7,17,Mia Ibsen,avp35srn9u,84,1
7,17,Shinta Taniguchi,6ys6wvw28f,71,1
7,18,Hina Edwards,5h6x8dtr46,29,0
7,19,Anand Laha,wyakq752vb,67,0
7,19,Krisha Laha,3tep4bujbg,66,1
7,20,Henrik Solberg,jkt4dtyppr,37,1
7,20,Ella Morris,nayq6m77jl,36,0
7,20,Aidan Morris,f3mzpcgwmn,18,0
7,20,Nanako Morris,ygsp9n7k8j,16,0
7,21,Olivier Gagnon,g53mmwytjq,51,1
7,21,Mia Ibsen,f2453mgswe,51,1
7,22,Aahna Kaur,leg8mglthc,33,1
7,23,Saika Price,g8w72hmg7e,76,1
7,23,Christian Carlsen,kx9um6qf4h,74,1
7,24,Shun Price,fj3tpgzjlq,43,1
7,24,Berndt Voigt,ht79pfrkuh,18,1
7,24,Robert Price,7u77m6esth,16,1
7,24,Katrin Voigt,tva4tp7lzf,15,1
7,25,Thomas Yamada,3ggq7y6gxb,18,1
7,26,Reynard Perrot,7kj393a3ky,76,1
7,27,Leon Suzuki,7s8m8cpuzv,27,1
7,27,Clara Bouvier,nk87k5q3e8,26,1
7,27,Alexandre Suzuki,2y83e2dtx7,6,1
7,27,Joel Bouvier,fbhbufy8lh,4,1
7,27,Lydia Bouvier,wyq5h7hmsf,2,1
7,28,Sanna Sorensen,tj973u3hv9,34,1
7,28,Dane Carlsen,mq46wbl7ww,33,0
7,28,Axel Sorensen,zsbw7bwl2h,14,1
7,28,Yorick Sorensen,76nn8mth3v,13,1
7,28,Olson Sorensen,p5sbrgyj9u,11,1
7,28,Tomas Carlsen,abk63armkr,9,1
7,28,Kerstin Carlsen,8ff78ztm9s,7,1
7,28,Julia Carlsen,tppcamdbew,4,1
7,29,Sarah Connolly,nt6tnkrxb8,79,0
7,30,Tineka Sorensen,p5f79k3yzh,78,1
7,30,Gin Yamada,zjmglccbg9,77,0
7,31,Riku Collins,xwgj8d8ynq,51,1
7,31,Hailey Davies,lmkqhkgr5h,51,1
7,32,Jeneve Ibsen,fxgf9bgev7,35,1
7,32,Edouard Julien,5jky97l4k5,35,1
7,32,Raum Ibsen,xqlwrtc296,17,1
7,32,Kirstie Ibsen,dykpk9fbyx,16,1
7,32,Kristjana Ibsen,tvwj4uh8b7,14,1
7,32,Malika Julien,57rmgfy4at,13,1
7,32,Jana Ibsen,9ctn74q4eq,12,1
7,32,Angele Julien,7235tmnmwb,10,1
7,33,Melissa Regan,r332luctmu,26,0
7,33,Aimoto Fukuda,sxxmybxdae,25,1
7,33,Jessica Regan,he8wtguzlc,5,0
7,33,Hasumi Fukuda,5scu58met6,1,0
7,34,Hiyori Ono,pfepv3cbvs,47,1
7,34,Brayden Ryan,23atdvrsua,43,1
7,34,Masaru Ono,mr28y786yt,18,1
7,35,Mia Blomgren,h8kmntchqp,108,1
7,35,Gen Edwards,7djl6l7cu5,84,0
7,36,Dulari Bhatt,u6qukvcnbn,62,1
7,37,Esha Dhar,xrvd9uqvap,94,1
7,38,Baldev Mishra,yyz3zf7wbu,83,1
7,39,Kahaan Mardia,3wsajxbtk3,37,1
7,40,Raum Sorensen,fl7mw6q26k,52,1
7,41,Isabella Kimura,ut8vmguxbl,48,0
7,41,Hiromori Otsuka,3u87md32zw,47,1
7,42,Felix Gagnon,wdtp4wphjy,96,1
7,43,Momoko Morris,adl2ffz4dj,56,1
7,43,Gert Ibsen,7rpqklpqan,55,1
7,44,Kaito Connolly,4jh6qd3khq,33,0
7,44,Sarah Blomgren,znls8jc9hh,33,1
7,44,Vanessa Blomgren,wa89twutn7,16,1
7,44,Gert Blomgren,u762we3gga,14,1
7,44,Mitchell Connolly,pd2whbcxz5,14,1
7,44,Emma Blomgren,a8gdzaneft,12,1
7,44,Brittany Connolly,28dcp7628v,11,1
7,45,Ciara Morris,7scp7p4cc4,73,0
7,45,Axel Carlsen,h3kba69lzy,72,0
7,46,Alison Johnston,9delr2fg8b,93,1
7,46,Gilbert Robertson,4kagdxpxr6,85,1
7,47,Jakob Olsen,cpg6dpf39d,42,1
7,48,Anamica Price,h86przvckg,31,1
7,48,Gen McCarthy,rb4ljtupbw,31,0
7,48,Zachary Price,eqwnb6msy6,11,1
7,48,Jarrod McCarthy,jvbcy9ada6,10,1
7,48,Ross Price,km6hjm7b4g,9,1
7,48,Conor Price,v5l73zlyrx,7,1
7,48,Evan McCarthy,y3v6ygtj2s,5,1
7,48,Anthony Price,5pwe6sllh6,4,0
7,49,Lukas Jensen,zk5ggpknna,36,0
7,49,Emma Sorensen,g25bw53vbf,35,1
7,49,Lynnea Jensen,vmuezdqgp4,14,1
7,49,Thurston Jensen,tjfk6fzhb5,12,1
7,49,Karena Sorensen,s4dmcln5e2,11,1
7,50,Ryan Jackson,sfrnfgqtm2,52,1
7,51,Takahiro McCarthy,m3wkwnfen2,51,1
7,51,Vasudha Mehta,6tjnutckzf,48,1
7,51,Amon McCarthy,b87kmm9db6,13,1
7,52,Hama Connolly,82h9kypugk,52,0
7,52,Nana Jackson,c7l7328m5p,51,0
7,53,Stefan Kaefer,u4drg7yctr,63,1
7,53,Kristiane Koch,undjzjwaga,62,1
7,54,Yota Shibata,kvbej3xyyh,35,1
7,54,Ella Jones,wdutdmmy8m,35,1
7,54,Jeremy Blomgren,m7ac25wgwr,16,1
7,54,Finlay Jones,yp2pgx8rrb,14,0
7,54,Tomoaki Shibata,kvthsqzt39,13,1
7,54,Runa Shibata,v6lsljx6zf,11,1
7,54,Umao Shibata,3ys2samtsp,9,0
7,54,Junzo Shibata,c6ycqnqgsv,7,1
7,54,Michaela Jones,frpj5yvsz8,2,0
7,55,Michaela Edwards,fsscf9jbr4,74,1
7,56,Nina Eklund,rh7fbkrtz6,23,1
7,57,Ryuga Ogawa,mm5qvtqryy,83,1
7,58,Nami Sugiyama,eu4krj6uqs,58,1
7,58,Jack Collins,dzty7r84mg,57,1
7,59,Aya Collins,ts9mq3nwun,99,0
7,60,Madan Laha,z6bdflnn6c,55,1
7,60,Rhea Laha,veslddfmeq,54,1
7,61,Alexander Watanabe,6l4bjxdc2t,77,1
7,61,Florian Eklund,n5maa27pkk,76,1
7,62,Kate Morris,r7gwt4scgq,76,0
7,62,Magnar Blomgren,hrcr9yf5d4,74,1
7,63,Miki Sato,plv7rzra62,52,1
7,63,Etienne Abel,2cdsf75ft9,51,1
7,64,Helga Carlsen,6cyz8sl5s5,69,1
7,64,Shu Matsumoto,bzkqyj5weu,67,1
7,65,Manami Yamada,gxc6smv8dk,39,0
7,65,Dominic Marshall,4k65cgg6k6,38,1
7,65,Cameron Yamada,mjds9nqt7k,18,1
7,65,Lee Yamada,86sac8vl6p,15,1
7,65,Ren Yamada,xlrfrkkvg6,14,1
7,65,Adele Marshall,5y38svgshj,13,0
7,65,Brett Marshall,vxy6gsydal,12,0
7,66,Pranay Karmarkar,kzkb2l6ayy,82,1
7,66,Fay Collins,8swnkxcc7l,76,0
7,67,Ruri Takagi,z5p2js7jra,65,1
7,67,Yashiro Sakaguchi,6wbqrqaygj,46,1
7,68,Fernand Renard,k3whcvssxn,29,1
7,68,Valdemar Sasaki,fc3mp5r5sp,29,1
7,69,Renee Yamada,2vtbpnx3zx,50,0
7,69,Robin Morris,gvz2pxgxun,47,1
7,70,Raphael Thorn,9v6zhw9fxj,76,1
7,70,Yui McCarthy,xvv44yhlsv,76,1
7,71,Dianne Morrison,a99pnuatp9,38,0
7,71,Hironobu Kaneko,v3cj8dppxu,36,1
7,71,Eoin Morrison,s8nfmhn7wp,15,1
7,71,Lewis Morrison,ywn7e4yazd,14,1
7,71,Stuart Morrison,2d6vrbk52s,2,0
7,72,Maelie Dupont,lw575ayrjs,24,0
7,72,Kamal Datta,nf3zdtr4zc,24,1
7,72,Antoine Dupont,c9pl3s5c8k,5,1
7,72,Lomash Datta,wj5gqe5x59,3,0
7,72,Chryselle Dupont,jt7jrkkvqb,2,0
7,72,Belle Dupont,452x449uca,1,0
7,73,Nina Solberg,aburwlyyhy,50,0
7,73,Ole Bager,vl3mrd44de,50,1
7,74,Halden Carlsen,2vk52ahhhp,77,1
7,75,Momoko Jones,avdcypluly,86,1
7,75,Gen Morris,jnq893clh2,83,1
7,76,Shannon Regan,sekpsbglyn,77,1
7,76,Jana Carlsen,7py3s2m34h,77,1
7,77,Bronwyn Yamada,gculv9vmpf,31,0
7,77,Leif Ibsen,et7mydgcdj,30,1
7,77,Connor Yamada,sfvh3exlwa,13,1
7,77,Sebastian Ibsen,kb3nump627,12,1
7,77,Gert Ibsen,8cw2wcjhd6,8,1
7,77,Peter Yamada,8np6favtsk,6,1
7,78,Yoko Ono,lwafx5ybaz,45,1
7,79,Marcel Sorensen,ztwtr9myu3,54,1
7,79,Miho Collins,ndv55zcd8p,52,1
7,80,Saki McCarthy,r8jjfsssw3,32,1
7,80,Blade Quinn,ltykhhczcf,26,1
7,80,Amon McCarthy,aqqvztk89s,4,1
7,80,Jessica Quinn,gh66zf5d5a,1,1
7,81,Kashvi Ghosh,qujs5d8fwe,22,1
7,82,Maureen Henderson,dvwpmpwdt3,88,1
7,82,Andrew Collins,sy8ud8hxf5,77,1
7,83,Ryan Kimura,ppp6fbgg6b,50,0
7,83,Sergej Lenz,t6v2uxplch,47,1
7,84,Charles Simon,2spmua44ct,52,1
7,84,Tindra Blomgren,wljvsf3sma,51,1
7,85,Kerr Findlay,vxgs5z39b3,50,1
7,85,Adelie Sorensen,xknwchsnhl,50,1
7,86,Alexander Moore,zd39e8mzle,61,0
7,86,Laasya Kaur,wmm7p7pafe,60,1
7,87,Katie Doyle,4k3gk3ufpw,53,1
7,87,Axel Clausen,uecy2lees8,52,1
7,88,Kana McCarthy,qzz3hygqz7,77,1
7,88,Andrew Sato,xkqfu6hwn7,77,0
7,89,Philipp Sorensen,adwrkh6xzd,55,1
7,89,Ayano Sato,x3zxupeqg6,54,1
7,90,Anais Yamada,63rp5zzpl6,33,1
7,90,Hama Berger,qst5ct5sp9,31,1
7,90,Jakob Blomgren,3ztj49qsje,13,1
7,90,Audrey Yamada,crd7aufrvd,12,1
7,90,Colette Yamada,28zsybgnhl,11,1
7,91,Shannon McCarthy,2k35x5dj4r,52,1
7,92,Tatsuya Connolly,p3m47xha5k,53,1
7,92,Sarah Berger,7qw5uw826e,52,0
7,93,Anna Carlsen,5mdxxgaake,32,1
7,93,Nico Eklund,d6lvklpqsy,31,1
7,93,Yorick Carlsen,eu4s9vbjw8,14,0
7,93,Erika Eklund,lmpk5hpjer,12,1
7,94,Tyler Morris,ubq6yjgk2d,97,1
7,95,Lynsay Bell,jc6pn9hdxg,37,1
7,95,Maximilian Blomgren,aw4cnwppv9,36,1
7,95,Beverley Bell,kk48tl73q8,17,0
7,95,Donar Blomgren,lyh7zc5ukv,14,1
7,96,Manan Mardia,lgwry8g5q2,54,1
7,96,Chahna Mardia,bmns8x34gl,48,1
7,97,Claudine Roux,wcdyszb4r8,28,0
7,97,Magnar Eklund,fzatd3udny,28,1
7,97,Masa Morris,qzyna2qxj9,9,0
7,98,Mohal Varadhan,b83z3uuvwp,65,1
7,98,Anika Varadhan,g275gxkedu,64,1
7,99,Kirstie Eklund,a4tsh7ta3f,49,1
7,100,Ole Blomgren,5sspteubhl,56,1
7,100,Chloe Collins,884a67cfyw,48,0
7,101,Tokuro Takaki,s8lekdyxnu,80,1
7,101,Paige Wilson,h7b3y7re7d,74,1
7,102,Dheer Srinivasan,jf7n6f3322,32,1
7,102,Naoko Fujii,ynq3q7xez5,29,0
7,102,Itsuo Fujii,pcqktpuw5s,10,1
7,102,Gyan Srinivasan,jjlffl5epm,10,1
7,102,Fujiko Fujii,6gvsdawtms,7,1
7,102,Salena Srinivasan,782p4qyk4y,6,0
7,103,Riko McCarthy,a77pzx4v7u,28,1
7,103,Daniel Edwards,pzmrafy2hd,27,0
7,103,Anthony Edwards,9vtu6wbutq,8,1
7,103,Liam McCarthy,epu98tr2q9,7,1
7,103,Cameron McCarthy,t2h3d43u2u,6,1
7,103,Patrick McCarthy,x3ewweuurv,3,1
7,103,Masa McCarthy,l82yelxstf,1,1
7,104,Jay Duncan,cflu8lxqaj,89,1
7,105,Kanna Arai,y3rbcklrrh,44,1
7,106,Paul Carlsen,xcex58rgys,51,1
7,106,Sorena Eklund,hzmhvbelje,50,1
7,107,Blandine Masson,ajegay6zpm,49,1
7,108,Kazuya Price,9j9xdyc54m,46,1
7,108,Shannon Wilson,zuj6p345a5,46,0
7,109,Vasudha Maharaj,wxjvrwe49a,35,1
7,109,Pranay Maharaj,yszvy4xght,34,1
7,109,Selvan Sharma,xt2cr9duj6,14,1
7,109,Naadir Maharaj,6xjv9e5akw,11,1
7,110,Gunnar Jensen,7sgbba6ffw,75,1
7,110,Daiki Connolly,utl5a8qz53,75,1
7,111,Shauna Price,3xeexem9tn,70,0
7,111,Raum Carlsen,t9ew3g7fcb,68,1
7,112,Laranya Kumar,kwz9xj4dk6,66,1
7,113,Desmond Yamada,2q4kljewh4,41,1
7,113,Milana Chatterjee,fu5rl3rw5t,40,1
7,113,Ladli Chatterjee,58fhvw5huf,19,1
7,113,Mana Chatterjee,5va6vyjd2g,16,1
7,113,Jordan Yamada,5ru5cz7dhx,15,1
7,113,Thevan Chatterjee,3nfah2he5y,13,1
7,114,Mirko Herzog,vyaan3bqyh,65,1
7,115,Mayu Sato,5xydbpv9n6,76,1
7,115,Mike Connolly,vw746njp34,74,1
7,116,Lynsey Anderson,ez8qr5hjqr,45,1
7,116,Herbert Huber,r34na5baa9,44,1
7,117,Hannah Sato,6cq4nhyu6p,73,1
7,117,Alexander Morris,9ykhqxhgqc,72,0
7,118,Sonja Blomgren,rjm6mf59tw,77,1
7,118,Lukas Carlsen,epj2ham8z5,75,1
7,119,Karina Ibsen,8wgjquw5zc,31,1
7,119,Agda Ibsen,w2m25mkuqt,12,1
7,120,Theresa Blomgren,kqde5rcm9y,76,1
7,121,Tatsuya Kimura,tqsd497jb8,27,0
7,121,Ariko Shibata,tdrrehvq3u,27,1
7,121,Ritsuo Shibata,372587w8ta,7,0
7,121,Nicole Kimura,e5f287dyt9,6,0
7,121,Miho Regan,6kl2rdbp3g,4,0
7,122,Elsa Olsen,v9twpy97ce,29,1
7,122,Axel Jensen,ncz459fndm,27,1
7,122,Ragnar Olsen,5dknvhg7ue,7,1
7,122,Lara Olsen,9rj2wybsb3,5,1
7,122,Elena Jensen,nfk4ngux34,4,0
7,122,Yorick Olsen,45r4reus8m,2,1
7,123,Lars Solberg,5t7ru8mnxk,75,0
7,124,Eleanor Simon,5argpvlbnp,50,0
7,124,Colin Collins,ynlh6ejxlp,50,1
7,125,Chelsea Wilson,4e29ezxrfz,32,0
7,125,Yojiro Takagi,xchlwld7u2,30,1
7,125,Shun Wilson,fp2qv7cpug,10,1
7,125,Daniel Wilson,l6ynpkxjf8,7,1
7,125,Aimoto Takagi,nkfgf5evca,6,1
7,125,Akina Takagi,pbw3bmmfgb,5,1
7,126,Emily McCarthy,t9tckqmkks,72,0
7,127,Felix Eklund,w73fpt3dbe,55,1
7,127,Kaeda Murphy,ce5zmymus5,50,0
7,128,Donar Sorensen,gzp2dz4upz,78,1
7,128,Kelda Olsen,dx66yynyfq,78,1
7,129,Luke Wilson,23hvrjawmw,72,1
7,129,Amy Moore,yuulrzem27,68,1
7,130,Luke Regan,eb3gzbsbsk,55,1
7,130,Sophia Price,d84ye2aa6a,54,1
7,131,Patrick Price,593c8amm79,72,0
7,132,Miki Price,6hpsbw5b9z,94,1
7,133,Nils Clausen,ntkgn6dsq5,31,1
7,133,Kari Clausen,hnnw9qs2jv,10,1
7,133,Dane Clausen,ld2kvdvzey,8,1
7,134,Varsha Babu,dw7em2gx23,43,1
7,135,Arthur Regan,v2eg6h3rvx,50,0
7,135,Clair Sutherland,4mdnvcgynl,49,1
7,136,Satoshi Watabe,y237vxl3b3,84,1
7,136,Ayano Watanabe,ry48amfucb,75,1
7,137,Abigail Connolly,gpgumjdweq,52,0
7,137,Margaret Connolly,fklpc8znby,9,0
7,138,Eva Edwards,l9s5tenqd9,72,0
7,139,Edie Collins,yephr8fjb4,24,0
7,139,Emily Collins,t8b4s6kwlf,0,1
7,140,Nayan Maharaj,2jwygl8g98,64,1
7,141,Simone Huber,g66xhnlccu,67,1
7,141,Gregory Craig,863w7k4y4w,66,1
7,142,Natalie Mori,asase3pbng,34,1
7,142,Prasad Bhatt,pg22tvsfau,33,1
7,142,Suhanisa Bhatt,uu2lnv857h,12,1
7,142,Nathan Mori,wtj6xsmdr3,11,0
7,142,Marie Mori,xzzv2cpsqs,10,1
7,143,Lionel Benoit,y4crgya5nc,29,1
7,143,Hina Davies,ldfqajhurm,28,1
7,143,Bronwyn Davies,d29jtzye5q,7,1
7,143,Joshua Davies,9jbyf43dbg,6,1
7,143,Niamh Davies,dwacgkwxs4,4,1
7,143,Stella Benoit,7b3nlvj97h,3,1
7,144,Yuka Edwards,j73ff3xfgq,48,0
7,144,Benjamin Watanabe,q4fvr5k3pt,48,1
7,145,Signe Eklund,c3scr2dxz3,76,1
7,145,Gerik Blomgren,698v4afht9,75,1
7,146,Daniel Sato,f77ncxuz9z,22,1
7,147,Olson Solberg,r699wvw2gl,42,1
7,147,Tuhina Maharaj,58wguuav8j,40,0
7,148,Shane Summers,p9pb9egx6f,33,0
7,148,Allana Connolly,dh2yqlfn9u,32,1
7,148,Ryouta Summers,w99k2saeyv,12,0
7,148,Hiro Summers,98crvplbcz,10,1
7,148,Andrew Summers,6ldmg3sd8q,9,0
7,148,Ava Summers,62a5mhj5zk,8,0
7,149,Nana McCarthy,qnb4rp4jxv,77,1
7,150,Marcel Clausen,xzxuy7zjhx,50,1
7,151,Anund Jensen,785msbglqh,103,0
7,152,Kenta Edwards,q4u27a7wzg,76,1
7,152,Bronwyn Sato,7kr33x5km8,74,1
7,153,Adam Brown,xacne7r8lk,55,1
7,153,Itsumi Koyama,efudjwu8dy,44,1
7,153,Asako Koyama,39u7atfwp9,18,1
7,153,Hana Koyama,kzqscsbjvm,17,1
7,154,Jake Moore,zlexxpxhqt,64,0
7,155,Alexandre Blomgren,dxq3sfadlu,50,1
7,155,Gemma Wilson,dqbkn6fbf2,49,1
7,156,Yuta Burke,sb5atvfsnn,90,0
7,157,Ann Johnstone,yfx3gu2mue,50,0
7,157,Klemens Ernst,fkudf6g9ry,49,1
7,158,Conor Wilson,a5qxsnngl5,35,0
7,158,Gemma Connolly,7ag8gguvan,15,1
7,158,Lee Muir,2gc44d5duh,15,1
7,159,Esme Gagnon,2rxxvzd6qr,47,1
7,160,Ebbe Sorensen,nj4rdn64wf,56,1
7,160,Lena Solberg,5cguebvny2,55,1
7,160,Philipp Solberg,qxxaceggp8,18,1
7,161,Ava Wilson,8ppjgh2cum,51,0
7,161,Ruddy Bouvier,thnrwed5ze,48,1
7,162,Tyler Brown,xcs7sxljs9,78,1
7,163,Marius Petersen,nf898prnqk,44,1
7,163,Aimi Endo,lpwtl9v2nd,44,1
7,164,Anthony Wilson,bf2vubpqf2,52,1
7,164,Georgina Black,zfj75u84ek,13,1
7,165,Yorick Thorn,7mm77pdgr2,37,1
7,165,Miyu Kimura,plkrn3fsdy,36,1
7,165,Lucas Kimura,ea34y4mtqh,14,1
7,165,Elsa Thorn,sng586wdm6,12,1
7,166,Paresh Joshi,gknaepcj7x,79,0
7,166,Lynnea Blomgren,h497pmeykm,77,1
7,167,Summer Sato,k3huca7yjr,77,1
7,167,Kenta Wilson,psknlavvb7,76,0
7,168,Sinead Brown,9vftvkng38,75,0
7,169,Lena Bager,3atnjmum85,71,1
7,169,Sutemi Ando,4nhvjhu9zw,66,0
7,170,Madison Edwards,ddf7ta54xu,77,1
7,171,Tyr Blomgren,6vbu536gd8,53,1
7,171,Maelie Gagnon,xkpt5wjf2t,50,1
7,171,Alice Gagnon,xw7xc2zlqh,12,1
7,171,Soren Blomgren,z4nrp6a972,10,1
7,172,Ragnar Solberg,pxxz9an6te,37,1
7,172,Tracy Mitchell,valhfnqvgn,35,0
7,172,Hanne Solberg,vrc947l2a2,17,1
7,172,Daniel Solberg,9td2rzm8r8,15,1
7,172,Marlene Mitchell,8sw66ecc9u,9,0
7,173,Simon Lund,rfe2jzs8gy,52,1
7,174,Souta McCarthy,s7cuurcv5j,30,1
7,174,Rin Collins,fkq2ep8gjy,29,0
7,174,Austin Collins,5h3hyacrec,9,1
7,174,Ellen McCarthy,k3qcrl2gp9,8,1
7,174,Paige Collins,3mwlcmnyk6,6,1
7,174,Hunter Collins,9ejbzmsrlv,5,1
7,174,Leah Collins,yx2mqms6ty,3,1
7,175,Ella Moore,s5laathfe6,38,0
7,175,Shota Jackson,l4tq76bl7r,38,1
7,175,Jessica Moore,htulrytynf,17,0
7,175,Hama Jackson,2ppsmufvxw,16,1
7,175,Grace Moore,mu6wsk36my,15,1
7,176,Emmanuel Coste,x4ztgdk8lg,46,0
7,176,Devya Ghosh,lsypvt7h95,40,1
7,176,Samia Coste,k8e83ctumw,17,0
7,176,Kaia Ghosh,scrt824m96,16,0
7,176,Marine Coste,5bjaxv8qyd,15,1
7,177,Sebastian Eklund,5a5rbmgdg6,77,1
7,177,Viktoria Solberg,carhlnz3f8,76,1
7,178,Saki Collins,ehuup5cxps,35,1
7,178,Shane Wilson,l77cmssufc,33,1
7,178,Ross Brown,d4yvjf9sf3,16,0
7,178,Reina Collins,xtrhdlyseh,15,1
7,179,Tatsumi Murata,9nsn96zf7r,49,1
7,179,Soji Yamasaki,hacbjh5e6q,43,1
7,180,Sonja Ibsen,y3phsr38q4,43,0
7,181,Torsten Sorensen,s74n7dwan9,49,1
7,181,Leonie Olsen,caysgnpvda,48,1
7,182,Jade Varma,drajhft226,35,1
7,182,Aadesh Mishra,mu9c3nj6bs,35,1
7,182,Isabelle Varma,me7pbxz3ah,15,1
7,182,Anand Mishra,dg38en8mu6,5,1
7,183,Jacob Collins,fgqplsl94u,50,0
7,183,Margaret Connolly,cescqhq9m3,50,1
7,184,Megan Price,j56m294gz5,36,1
7,184,Paavan Chandra,szfzvvb9jh,36,1
7,184,Eva Price,tnnkvjg2sd,16,1
7,184,Manan Chandra,nhrqey3znb,14,1
7,185,Tony Anderson,uk5s7umtgx,24,0
7,185,Sharon Young,grxha27pb3,23,1
7,185,Leslie Anderson,kw7x4aupvt,3,1
7,185,Damien Young,r966fq398x,1,1
7,186,Lucia Blomgren,upf872lcmz,46,0
7,186,Liam Sato,d8d3vtgm6r,42,1
7,187,Jordan Collins,hthrb7rpbx,53,0
7,187,Misaki Murphy,qdvgrwtatu,53,1
7,188,Kenneth Ferguson,a9prudpek5,60,1
7,189,Hama Edwards,nshu2hccas,75,0
7,190,Alicia Bager,uf6gknmvfp,55,0
7,190,Gunnar Bager,ytvwyuu7cv,53,1
7,191,Tyr Sorensen,r2lxgwv8yz,55,1
7,191,Malika Fabre,fz2mqndt6q,47,1
7,192,Cameron Thomson,apnyb2rgwl,61,1
7,193,Michelle Price,3r5ekeysuy,50,1
7,193,Fred Chevalier,4unjv2axql,49,1
7,194,Jasmin Solberg,dhe8dcbq3b,50,1
7,194,Victor Black,7tyz4hkgr5,49,1
7,195,Asuka Regan,8v3a7qy4dx,75,1
7,196,Maximilian Carlsen,29haa8qzmd,37,1
7,196,Kerstin Sorensen,xlvss2tnp6,35,1
7,196,Sophie Sorensen,4zncu6duhk,17,1
7,196,Katie Sorensen,qgeukva5vw,15,1
7,196,Theresa Sorensen,m3494e7ryp,13,1
7,197,Marcel Blomgren,bnq7caxtqh,52,1
7,198,Killian Collins,7hjtk6y2el,36,0
7,198,Theresa Blomgren,j8d28t8s8w,35,1
7,198,Ole Blomgren,l8srr7h8c7,18,1
7,198,Rosalind Blomgren,drx6n4qrqv,16,1
7,198,Peter Collins,4zljaduag6,15,1
7,199,Naina Bose,9zkdcmnytn,59,1
7,200,Erin Regan,uxgh3v9xe9,77,1
7,201,Madison Wilson,rssa582mve,52,1
7,201,Auna Suzuki,nttft8nn2y,51,1
7,202,Haruka Collins,mh9c477ups,52,1
7,203,Sarah Jackson,f238a8qzd8,50,0
7,203,Alexis Jackson,cgjwagkpcf,43,1
7,204,Raunak Achari,5bbz2wjwzb,36,1
7,204,Helsa Eklund,h5r6kymbsn,35,1
7,204,Hanne Eklund,fdah5pr5y9,12,1
7,204,Damini Achari,ut2z4cwwxy,8,1
7,205,Harry Murphy,592qhzn6ku,46,1
7,205,Sophia Collins,8r3kcl7evq,44,1
7,205,Ronan Collins,nxdby58guq,14,1
7,206,Gin Collins,bywgacwygl,78,0
7,206,Gabrielle Abel,n9sgfc5nye,77,1
7,207,Mia Lund,kuubf5gebp,77,1
7,207,Aidan Price,lhf63jg9d2,76,0
7,208,Jermaine Dupont,jwjzvg5paa,37,1
7,208,Gala Jensen,6mlaeamp8u,36,1
7,208,Dane Jensen,vy3hcjlw3q,18,1
7,208,Daniel Jensen,4crvabfea6,17,1
7,208,Halden Jensen,f3wt32vxrb,17,1
7,208,Pierre Dupont,emus2lacdf,15,1
7,209,Nira Kaur,avjtawr4jm,91,1
7,209,Liam Jackson,w9hy2lxnh4,78,0
7,210,Rosalind Bager,v6knbtzpat,51,0
7,210,Philipp Lund,kmdau6w4z9,49,1
7,210,Jasmin Bager,uft26jvyf3,18,1
7,211,Xavier Carlsen,66x7j6e9bq,31,1
7,211,Arabelle Bager,aabdubyuuy,25,0
7,211,Nadeline Bager,zm2hdukcbb,7,0
7,211,Giselle Yamada,9e8lukmxxz,5,1
7,211,Jermaine Carlsen,en5h2xtvle,3,0
7,211,Corina Bager,csb9cq3qxa,1,1
7,212,Blaise Wilson,mwu59ae29p,75,1
7,212,Amie Suzuki,2yym8brjah,74,1
7,214,Anand Mehta,eshghsgnw3,44,1
7,214,Sinead McCarthy,ez5zex7866,43,0
7,214,Adam McCarthy,rgta36r94e,17,0
7,214,Jenya Mehta,tvycnm2scl,15,0
7,214,Omala Mehta,25wzwcdfdn,14,0
7,215,Michaela Edwards,xs29m93n9e,77,1
7,216,Heather Thomson,9fhs9g7h5r,49,1
7,217,Avni Kaur,kxjx3yws4y,47,1
7,217,Lars Jensen,ffyzmhwbgs,46,1
7,218,Darren Collins,sn5asct4an,52,1
7,218,Karen Carlsen,8lh24cns54,52,0
7,218,Melissa Collins,tbj8vlvwxd,14,1
7,219,Naoki Collins,sadlulru2m,75,1
7,220,Elena Sorensen,w49gzhd7b5,65,1
7,221,Katsuhito Arai,whgzhvqb2k,69,1
7,221,Shelley McKay,kfaf3fzyaz,69,1
7,222,Katharina Eklund,2dktn52a7z,55,0
7,222,Matthias Eklund,79mlnnpxwj,49,0
7,223,Yanick Menard,e3p95wcuwf,59,1
7,223,Emma Jensen,ake3uhh7x5,52,1
7,224,Lucia Larsen,bhjhuzvvkx,47,0
7,224,Tove Solberg,cd5e4fbnkm,46,1
7,225,Ingrid Svendsen,8gengt8dsm,51,1
7,225,Mayu Yamada,pnyd9fjb3g,46,1
7,226,Rajan Laha,szd7c4tpg4,89,1
7,226,Kaia Laha,xthbq7j8x8,82,1
7,227,Leigh Ferguson,mptfwy2nnx,47,1
7,227,Jennifer Anderson,axl42xrcwu,43,1
7,227,Adrian Anderson,9x9ejn762f,19,1
7,227,Melissa Anderson,j5sceh8e7p,17,1
7,228,Salvatore Garcia,w6cnhx588k,86,1
7,229,Bridey McCarthy,gkzwb6a5dz,50,0
7,230,Takumi Collins,j74c8gp8zw,49,1
7,230,Anzu Miyasaki,hvfexlpulc,48,1
7,231,Julia Lund,vl844l9ca3,30,1
7,231,Sven Huber,y7fjjxdcsa,25,1
7,231,Sebastian Huber,jdzag3nbbl,4,1
7,231,Andrej Huber,u8t9lmadej,2,1
7,231,Elena Huber,jg44j2rjfj,1,1
7,232,Simone Watanabe,4p5xd7h4j6,54,1
7,233,Kyle Morris,xmf4nqkkvc,58,1
7,233,Olina Lund,vbhf8teduw,57,1
7,234,Theresa Eklund,xze3ggbm3g,29,1
7,234,Katie Eklund,664puckh8d,10,1
7,234,Philipp Eklund,3ecwy9gydh,7,1
7,235,Melanie Mayer,upxbfpn7qq,26,1
7,235,Liam Connolly,pns8n6sys2,25,0
7,235,Amber Connolly,uggauq4wdb,6,1
7,235,Klemens Mayer,wnanvq3wj4,5,0
7,236,Tobias Lund,97x7afuytr,73,1
7,236,Chika Ono,7ae7ec6n3t,65,1
7,237,Nico Sorensen,jkncygz5wa,96,1
7,238,Shiori Connolly,3fca2hmgfk,52,0
7,238,Yuma Shibata,9n5b7mw2dt,49,1
7,239,Ines Maus,aszx2eaajt,35,1
7,239,Jacob Jackson,g2rr7adhm6,34,1
7,239,Igor Maus,cb8vrqayyu,15,0
7,239,Ava Jackson,x55anu4849,10,1
7,240,Allister Marshall,29pfvggcws,62,1
7,241,Yuma Sakaguchi,k3bprzemac,48,1
7,241,Kashvi Chaudhuri,xwqqvrnj6z,34,0
7,242,Bronwyn Summers,neb4x7wg7v,53,0
7,242,Kirk Carlsen,eq6de44de7,51,1
7,243,Simon Carlsen,ltxf8sejns,75,1
7,244,Tyr Sorensen,dyc5m5x754,52,1
7,245,Ebbe Eklund,s9c4jnnvaw,62,1
7,246,Orla Price,5zf5jybn9v,56,0
7,246,Robin Kimura,umpnl3rwvm,52,0
7,247,Tove Pallesen,3rqx36jnmh,49,1
7,247,Emily Roberts,gz5c3vn5rb,48,0
7,248,Eriko Iwasaki,6j6lcqsk22,67,1
7,249,Pierrick Sorensen,794lmlubbm,78,1
7,249,Holly Sato,46uw2qgbyg,73,1
7,250,Michael Blomgren,ybdft9nh84,47,1
7,250,Manami Hall,ld7jm53aad,47,1
7,251,Arvid Jensen,56c4v68srk,76,1
7,252,Cecile Tessier,hgapy2v9xb,61,1
7,253,Lea Holst,nk66hzzt6d,75,1
7,253,Taylor Wilson,hr225wabq8,75,1
7,254,Aimi Endo,6e52bzvpqy,69,1
7,254,Finlay Moore,97huzrm344,68,1
7,255,Kaeda Moore,tyz4ngfr9p,52,1
7,255,Tate Kimura,9zakyx9xpz,51,1
7,256,Mayu Murphy,a2j8w659q5,98,0
7,256,Ayann Kulkarni,den39u545f,79,1
7,257,Klara Ibsen,mpmabqabej,26,0
7,257,Lawrence Black,h757f3tdtr,26,1
7,257,Isla Black,r7nhf2v342,6,1
7,257,Janine Black,r62glc89ks,3,1
7,257,Gunnar Ibsen,8ea3sfpke9,2,1
7,258,Minako Arai,8bueaph3xs,45,1
7,258,Reynald Renard,52bg9nnar6,45,0
7,259,Katharina Lund,blzjjqu6jc,63,1
7,260,Satomi Yamaguchi,eespcf7789,79,1
7,261,Michaela Moore,yfqskuctvc,77,1
7,261,Maximilian Solberg,th4u4yrqua,76,1
7,262,Susannah Collins,a8lq2sv7nt,33,1
7,262,Haru Ito,d3rz4w8s9h,32,0
7,262,Jun Collins,lj89dnwxkj,15,1
7,262,Souta Ito,v34k3betm2,13,0
7,263,Elena Sorensen,w3y24bnxxx,53,1
7,263,Melissa Connolly,g54jebrl3x,51,1
7,264,Emma Eklund,nhs5mwur5a,96,1
7,264,Roderick Bruce,vywqx7mca9,87,1
7,265,Valdemar Thorn,4m3xqab62r,49,0
7,265,Natacha Benoit,f5hm9nqtp8,48,1
7,266,Miori Erikawa,db7rgzcha8,79,0
7,267,Shannon Collins,fepbn6ds8t,55,1
7,267,Justin Price,u3ypfd72ds,52,1
7,268,Maki Matsuda,a578uqm6vz,37,1
7,268,Ketan Chandra,s8f6rhydxm,36,1
7,268,Azusa Matsuda,w3xct83vl7,16,1
7,268,Vahini Chandra,5e2jg5s3ct,13,1
7,268,Aimi Matsuda,f975j6cqlt,11,1
7,268,Natsume Matsuda,etsfk9uh2v,10,1
7,269,Paul Madsen,e9243qjuwj,77,1
7,270,Naomi Wood,8hf6trbcjc,63,1
7,270,Sophia McCarthy,v8lr7bfv92,62,0
7,271,Olina Ibsen,rv8q4n2f7f,50,1
7,271,Kyle Suzuki,7gmnap4vuv,50,0
7,272,Junto Saito,jkltgtawqp,82,1
7,273,Kirstie Blomgren,elvlpyqwlv,85,1
7,274,Arvid Carlsen,s3bzqwmpxn,47,1
7,274,Sarah Sorensen,7szbccz23u,47,1
7,274,David Sorensen,kn7zukaau6,13,1
7,275,Kari Pallesen,zalwmdues7,72,0
7,275,William Collins,g799ee8v5y,72,1
7,276,Chaman Tamboli,8ls5j5v56k,35,1
7,276,Pari Tamboli,7qe94lbv85,34,1
7,276,Gyan Bose,q2dtjfqhg2,14,1
7,276,Aadiv Tamboli,bft3ksywj8,13,1
7,276,Mangala Tamboli,34bvu3hddm,11,1
7,277,Rudy Ruiz,acv99k3y9p,91,1
7,277,Aude Menard,n342l323t9,84,1
7,279,Sophia Eklund,9jvdp4prdc,46,1
7,279,Luis Tessier,ejathcv2py,41,1
7,280,Maximilian Solberg,7cfkcyd5xt,48,0
7,280,Asuka Morris,ju9qcl9xts,47,0
7,281,Rina Morris,wp3254dwhw,50,0
7,281,Ren Connolly,gcblu7224j,50,1
7,281,Jordan Morris,bcs43me9gp,18,1
7,281,Marcus Morris,whvnhgc6fg,16,1
7,281,Riley Connolly,kf9rscewx8,14,1
7,281,Naoki Morris,hs7n5wedmz,13,0
7,281,Isabella Connolly,d3a26y3eve,11,1
7,282,Karena Jensen,gwrqm87vgq,51,0
7,282,Takehiro Fujii,v6sn5pv7d3,50,1
7,283,Neil Wallace,79we2c4z28,49,1
7,283,Nina Svendsen,6gg5epaz8v,48,0
7,284,Miroslav Reiter,eral39gnqh,59,0
7,284,Illona Jensen,uu9dyexw3b,51,1
7,285,James White,4meknr8r7t,49,0
7,285,Samantha Price,hyvtw2qnwc,46,0
7,285,Randy Price,rlzdzufzzf,20,0
7,285,Ayano Price,lfqztedl85,17,1
7,285,Logan White,7dh7ymekd7,11,0
7,285,Jack White,66fbstg4ef,10,0
7,285,Daniel Price,ku4rlu3pyd,8,0
7,286,Susannah Suzuki,x7dqy5vsqv,24,1
7,286,Hama Collins,6z297yh5tz,24,1
7,286,Ciara Suzuki,zqjqw35qnq,5,1
7,286,Theodore Collins,ez8x9gn8w7,4,1
7,287,Armand Simon,vx9sb58r8t,52,1
7,288,Akira Edwards,5ry7bcmut5,52,1
7,289,Gabriela Miller,l4mc4kdkrv,66,1
7,289,Ananya Maharaj,zwf7l84tw5,16,1
7,290,Jessica Edwards,3enemzf4vw,48,1
7,290,Goro Ichikawa,ldwp9gn86q,48,1
7,291,Stacey Bell,zw2jlmgyh8,85,1
7,292,Yota Kudo,ladkxtc4a4,49,1
7,292,Kelly Kimura,b728prxla7,48,1
7,292,Rin Kimura,uxtmks6jnk,10,1
7,293,Olson Sorensen,2dtq9enjsf,53,1
7,293,Freya Lund,2cep8lv7cg,52,0
7,293,Sophie Lund,bw4mq2jzr3,17,0
7,294,Dahl Clausen,nunsjwyaj9,37,1
7,294,Takuya Jones,4fck4mfsbd,36,1
7,294,Auna Jones,jzxs6n72yv,15,1
7,294,Randy Jones,7h2xtt2wgb,14,1
7,294,Owen Jones,maynltjkt8,12,1
7,294,Katie Jones,fpe9l323kr,10,1
7,295,Kana Suzuki,mqr8wquau2,50,1
7,296,Michel Baron,glxpbw3sj4,88,1
7,296,Selina Carlsen,qctskf69n5,83,1
7,297,Lara Eklund,bfq5q9jws6,52,1
7,298,Leon Solberg,z3vxf6nuub,46,1
7,299,Phoebe Suzuki,8c348wcdxw,79,1
7,299,Jonas Blomgren,hj4s2pexta,75,1
7,300,Lukas Blomgren,byunqjdff7,77,1
7,300,Carol Shaw,vejeqyy2xf,64,1
7,301,Ryan Kimura,jvpn6ts2ty,52,1
7,301,Sonja Sorensen,bncnme9g29,52,0
7,302,Haruhi Okada,v98455wzn3,48,0
7,302,Zenji Sakaguchi,lk64x7d8gz,43,1
7,302,Matsuo Okada,5fcu6r9487,17,1
7,302,Eri Okada,7dutv4c6k9,11,0
7,303,Vanessa Pallesen,2ew266a3lk,73,1
7,304,Alexander Larsen,x6tp2px7bz,114,1
7,304,Kari Solberg,a2vutm2uv7,98,1
7,306,Erika Blomgren,xm4gq9nypa,57,1
7,306,Jake Brown,dz5qctdw9c,56,1
7,307,Patricia Jackson,b2veyvnfnt,43,0
7,307,Ray Miller,qhavkm8upy,42,1
7,308,Haruto Fukuda,ymj433p7cs,45,0
7,308,Geraldine Alexander,w48ua9fqnq,44,1
7,309,Asuka Mori,qt9462pvnf,37,0
7,309,Takahiro Sato,lb2tm2lz7c,36,1
7,309,Ryan Mori,qda6rhf58s,18,1
7,309,Patrick Sato,g6th4jufc8,16,0
7,310,Lauren Wilson,qccl47u64m,109,1
7,311,Rin Sato,87e5pkcrhg,58,1
7,311,Harold Blomgren,49wsbatrk8,57,1
7,312,Holly Hall,bq7ngfkwfe,73,0
7,313,Kakuji Okamoto,b3l76sllrn,47,1
7,314,Josh Regan,v6lk48sgtz,52,1
7,314,Shauna Wilson,9w292zcux2,51,1
7,315,Emma Thorn,grvra2bryz,46,1
7,315,Georges Ruiz,w4w467awzu,45,1
7,316,Pierrick Blomgren,n3xrr72h33,35,1
7,317,Erika Lund,w8u8xtprm4,25,0
7,317,Masa Connolly,7f2gnlk76h,24,1
7,317,Mitsuki Hall,kanlttwtk7,7,1
7,317,Lucas Hall,juwaxfh2u6,6,0
