id,vegetarian,v,h,name,age,consent
z4eu4wmykk,0,7,11,Komako Okamoto,11,1
mjds9nqt7k,0,7,65,Cameron Yamada,18,1
4crvabfea6,0,7,208,Daniel Jensen,17,1
tjfk6fzhb5,0,7,49,Thurston Jensen,12,1
7f2gnlk76h,0,7,317,Masa Connolly,24,1
5fcu6r9487,0,7,302,Matsuo Okada,17,1
kzqscsbjvm,0,7,153,Hana Koyama,17,1
7ag8gguvan,0,7,158,Gemma Connolly,15,1
uxtmks6jnk,0,7,292,Rin Kimura,10,1
2gc44d5duh,0,7,158,Lee Muir,15,1
q2dtjfqhg2,0,7,276,Gyan Bose,14,1
vrc947l2a2,0,7,172,Hanne Solberg,17,1
6xjv9e5akw,0,7,109,Naadir Maharaj,11,1
p5sbrgyj9u,0,7,28,Olson Sorensen,11,1
rbp53kek4f,0,7,5,Delaney Connolly,29,1
x7dqy5vsqv,0,7,286,Susannah Suzuki,24,1
tdrrehvq3u,0,7,121,Ariko Shibata,27,1
fp2qv7cpug,1,7,125,Shun Wilson,10,1
fpe9l323kr,0,7,294,Katie Jones,10,1
5bjaxv8qyd,0,7,176,Marine Coste,15,1
vy3hcjlw3q,0,7,208,Dane Jensen,18,1
3nfah2he5y,0,7,113,Thevan Chatterjee,13,1
7235tmnmwb,0,7,32,Angele Julien,10,1
4zncu6duhk,0,7,196,Sophie Sorensen,17,1
whvnhgc6fg,0,7,281,Marcus Morris,16,1
5va6vyjd2g,0,7,113,Mana Chatterjee,16,1
nk87k5q3e8,0,7,27,Clara Bouvier,26,1
xqlwrtc296,0,7,32,Raum Ibsen,17,1
ltykhhczcf,0,7,80,Blade Quinn,26,1
k3whcvssxn,1,7,68,Fernand Renard,29,1
lk64x7d8gz,0,7,302,Zenji Sakaguchi,43,1
4mdnvcgynl,0,7,135,Clair Sutherland,49,1
d6lvklpqsy,0,7,93,Nico Eklund,31,1
s7cuurcv5j,0,7,174,Souta McCarthy,30,1
ehuup5cxps,0,7,178,Saki Collins,35,1
s74n7dwan9,0,7,181,Torsten Sorensen,49,1
thnrwed5ze,0,7,161,Ruddy Bouvier,48,1
66x7j6e9bq,0,7,211,Xavier Carlsen,31,1
h5r6kymbsn,0,7,204,Helsa Eklund,35,1
a4tsh7ta3f,0,7,99,Kirstie Eklund,49,1
kvbej3xyyh,0,7,54,Yota Shibata,35,1
ajegay6zpm,1,7,107,Blandine Masson,49,1
5bbz2wjwzb,0,7,204,Raunak Achari,36,1
dqbkn6fbf2,0,7,155,Gemma Wilson,49,1
6mlaeamp8u,0,7,208,Gala Jensen,36,1
znls8jc9hh,0,7,44,Sarah Blomgren,33,1
8bueaph3xs,0,7,258,Minako Arai,45,1
jwjzvg5paa,1,7,208,Jermaine Dupont,37,1
jkt4dtyppr,0,7,20,Henrik Solberg,37,1
hvfexlpulc,0,7,230,Anzu Miyasaki,48,1
lb2tm2lz7c,0,7,309,Takahiro Sato,36,1
29haa8qzmd,0,7,196,Maximilian Carlsen,37,1
s3bzqwmpxn,0,7,274,Arvid Carlsen,47,1
jf7n6f3322,0,7,102,Dheer Srinivasan,32,1
63rp5zzpl6,0,7,90,Anais Yamada,33,1
k3bprzemac,0,7,241,Yuma Sakaguchi,48,1
szfzvvb9jh,0,7,184,Paavan Chandra,36,1
xm4gq9nypa,0,7,306,Erika Blomgren,57,1
w73fpt3dbe,0,7,127,Felix Eklund,55,1
2dtq9enjsf,0,7,293,Olson Sorensen,53,1
4k3gk3ufpw,0,7,87,Katie Doyle,53,1
3tep4bujbg,0,7,19,Krisha Laha,66,1
sfrnfgqtm2,0,7,50,Ryan Jackson,52,1
ytvwyuu7cv,1,7,190,Gunnar Bager,53,1
bfq5q9jws6,0,7,297,Lara Eklund,52,1
z5p2js7jra,0,7,67,Ruri Takagi,65,1
eb3gzbsbsk,0,7,130,Luke Regan,55,1
2cdsf75ft9,0,7,63,Etienne Abel,51,1
7ae7ec6n3t,0,7,236,Chika Ono,65,1
xknwchsnhl,1,7,85,Adelie Sorensen,50,1
vx9sb58r8t,1,7,287,Armand Simon,52,1
vejeqyy2xf,0,7,300,Carol Shaw,64,1
xmf4nqkkvc,0,7,233,Kyle Morris,58,1
uecy2lees8,0,7,87,Axel Clausen,52,1
lgwry8g5q2,0,7,96,Manan Mardia,54,1
wljvsf3sma,1,7,84,Tindra Blomgren,51,1
7rpqklpqan,0,7,43,Gert Ibsen,55,1
vxgs5z39b3,1,7,85,Kerr Findlay,50,1
8hf6trbcjc,1,7,270,Naomi Wood,63,1
xkpt5wjf2t,0,7,171,Maelie Gagnon,50,1
9zakyx9xpz,0,7,255,Tate Kimura,51,1
6l4bjxdc2t,0,7,61,Alexander Watanabe,77,1
56c4v68srk,1,7,251,Arvid Jensen,76,1
97x7afuytr,0,7,236,Tobias Lund,73,1
sekpsbglyn,0,7,76,Shannon Regan,77,1
e9243qjuwj,1,7,269,Paul Madsen,77,1
glxpbw3sj4,0,7,296,Michel Baron,88,1
epj2ham8z5,0,7,118,Lukas Carlsen,75,1
7kj393a3ky,0,7,26,Reynard Perrot,76,1
k3huca7yjr,0,7,167,Summer Sato,77,1
den39u545f,0,7,256,Ayann Kulkarni,79,1
h497pmeykm,0,7,166,Lynnea Blomgren,77,1
elvlpyqwlv,0,7,273,Kirstie Blomgren,85,1
yfqskuctvc,0,7,261,Michaela Moore,77,1
qnb4rp4jxv,1,7,149,Nana McCarthy,77,1
kzkb2l6ayy,1,7,66,Pranay Karmarkar,82,1
xs29m93n9e,1,7,215,Michaela Edwards,77,1
th4u4yrqua,0,7,261,Maximilian Solberg,76,1
6hpsbw5b9z,1,7,132,Miki Price,94,1
wdtp4wphjy,0,7,42,Felix Gagnon,96,1
